latitude,longitude
556350.787,421358.933
507263.544,440951.137
520128.816,436640.087
524190.855,411646.482
568290.625,425487.274
528370.686,391084.862
569686.222,433532.383
549863.065,410603.005
522195.924,401285.558
523571.936,433061.487
559116.512,413328.305
531565.121,436874.789
523280.167,415643.519
533035.958,440190.579
514236.021,401482.478
516659.806,397954.921
541563.031,436484.672
531055.415,430670.01
505621.525,453473.297
637594.067,391226.093
538118.992,425575.64
527536.66,437252.563
523479.432,397346.442
547603.134,428494.042
513775.233,408930.106
516198.273,410574.219
515448.27,422706.043
515767.118,437016.094
511603.95,435832.771
522995.419,420890.371
530748.998,417146.901
545369.427,420255.396
516133.134,426366.112
522501.007,451016.465
505911.383,447865.512
534155.859,424012.654
529388.748,414097.104
522901.654,440709.425
548913.928,422561.341
543303.416,412214.72
538763.302,405925.858
514915.666,474351.831
510142.289,425659.46
503399.717,444496.231
510280.66,441583.169
538198.474,430380.977
510175.128,431943.11
544865.99,416628.318
566117.377,425949.27
642132.083,397245.045
541311.702,438567.983
567532.271,430595.533
546824.192,411980.193
522401.554,456121.379
517073.062,405799.693
518067.465,405676.933
515208.962,404929.402
519409.368,406800.605
516863.437,402334.037
501271.959,448733.648
513400.559,412413.747
517466.041,417367.14
515273.232,415104.057
517703.783,415683.158
501050.41,445219.696
499683.284,450886.645
508126.925,444075.293
503132.108,449791.653
503412.506,450928.251
510233.925,450030.268
509233.112,460559.977
502412.171,445942.011
507975.425,457622.724
510807.571,456088.382
520475.173,393385.929
586716.292,426474.439
512671.819,429670.114
514303.157,431392.549
514799.459,427720.861
515338.396,429978.288
514312.526,424666.265
514237.572,426786.325
516136.113,426355.391
520408.872,425232.174
513213.948,427691.112
519453.513,428995.742
515221.311,429146.727
512026.632,428361.4
514186.921,430178.139
515093.315,426550.239
529319.613,428570.321
563687.668,415072.01
563612.853,415551.217
516667.23,430206.084
515290.637,428679.691
514080.435,427813.964
513781.399,429201.093
571531.375,390956.017
569514.469,421695.954
567206.951,417182.053
533491.929,426790.305
515458.102,428102.876
516264.824,429135.874
516826.006,427292.223
518298.495,432357.908
518371.986,427431.476
517843.623,431565.994
513751.427,433075.746
515792.513,432706.681
513498.588,431221.388
520598.618,451650.488
518169.359,442495.901
515929.657,450991.195
515214.851,431246.1
514610.146,442308.947
514093.622,449309.349
529696.225,428931.734
563109.745,423316.166
550147.191,409263.92
513496.032,447222.121
514825.392,448862.049
519112.737,449772.027
520527.653,439727.41
516731.863,440494.137
516378.521,431102.265
517111.196,432368.837
517402.277,439696.557
519977.008,442062.541
518651.596,448837.323
517817.928,445322.736
516831.873,450360.55
517639.834,450110.565
520198.981,443715.882
517069.105,445497.25
512067.483,443254.702
514273.629,446097.069
518048.446,449560.624
519476.688,445240.163
515813.678,445032.885
513815.635,444915.07
519541.435,443019.697
518755.194,445301.855
518144.778,441789.778
520435.751,444860.15
515540.313,447790.346
514884.916,450598.561
511378.725,441438.123
518035.088,443318.965
517924.199,446860.525
519722.584,440895.018
518724.952,449397.08
518605.776,441289.413
516825.09,444004.725
516672.507,447828.365
519920.047,446512.696
518900.861,446719.391
513340.249,450510.935
518120.113,444739.409
518847.74,451141.584
516266.98,453353.145
513970.412,451584.338
517290.157,453684.129
572582.821,423394.577
565302.875,433206.773
516067.996,444039.311
515393.188,446555.831
516767.533,442318.253
519377.306,448439.205
562647.574,421066.421
517886.186,447610.68
518463.081,443723.52
518767.235,448037.276
516132.275,445833.525
513291.821,444038.013
511792.095,450667.454
515544.87,449313.041
516655.601,446351.143
518913.628,454395.64
519607.09,453993.948
517405.859,454659.98
518932.086,455163.1
519095.009,450452.37
520002.855,452572.971
518298.693,453127.959
519661.95,455341.136
518932.284,451931.899
513412.092,467702.088
520639.729,463347.375
519168.094,444276.598
526728.298,422390.345
519359.379,457410.011
517938.609,449918.425
517217.403,448365.126
512594.711,452327.432
512771.387,441855.668
514441.593,459378.068
517848.126,451760.903
519283.85,452698.282
514860.32,452986.509
515265.927,451999.711
513782.068,456636.354
515854.677,460563.432
516115.451,460497.713
518351.383,472133.91
519658.717,471260.304
516159.359,471407.017
529875.239,418756.982
530417.634,420985.776
528616.039,417931.285
527921.614,420217.821
525720.588,421045.212
525515.169,410948.148
532466.094,418500.711
520902.346,454430.466
519629.144,451620.352
517856.193,450886.193
513785.785,454696.844
516922.927,452174.168
519670.148,453116.059
519085.615,456997.985
517183.001,443401.842
514809.077,461216.467
516882.228,466175.412
514298.54,468918.105
515880.315,464972.283
519671.803,463941.062
515611.505,467344.816
518020.014,465925.156
520927.052,466816.908
519251.108,469878.987
524695.676,426908.645
526366.667,428079.684
530435.976,426792.31
529534.994,423959.586
522991.593,424356.541
530389.931,428111.297
529343.786,426238.89
525624.826,425817.505
525873.402,426911.085
520002.888,468176.876
582213.913,425542.365
532824.793,424211.271
529835.486,435590.038
521715.054,448463.793
525987.625,445538.616
523660.25,445887.405
525438.084,446261.54
518575.621,473838.795
518236.832,473103.748
518639.389,471183.041
526567.191,407643.02
526130.728,410156.519
524138.866,407655.485
529265.454,416499.727
526198.843,414642.374
526513.484,416961.277
525659.2,428339.419
523830.578,426178.131
525131.622,426675.782
528681.046,421828.838
525516.201,424419.622
525889.482,422487.068
526916.973,419742.785
567007.387,418449.637
564447.449,428082.107
520784.988,400133.705
562402.061,407104.349
560781.954,415883.267
520880.181,450059.327
557787.569,433743.472
521178.356,442190.422
522960.747,446106.312
522204.098,445361.37
525741.743,458088.172
521145.174,460192.187
520596.631,453389.678
521097.566,443305.164
524375.417,445986.046
555460.067,432510.528
564784.906,428734.647
521903.848,443506.219
524676.781,446945.628
520601.887,441327.698
523343.848,447687.859
524329.73,444854.518
521095.65,448624.053
521458.719,442935.888
520848.383,443249.863
550650.48,409858.108
523220.003,443641.711
524434.523,447957.509
521093.02,441619.756
523907.46,460047.387
522851.542,460242.716
523882.364,458544.585
521387.189,444224.998
521331.508,445030.625
538678.621,395813.658
539678.083,395405.456
535810.403,402144.33
538163.869,407439.481
571336.556,430114.246
537356.402,406957.745
632709.338,417810.652
521677.849,461904.716
522211.42,447026.853
522048.235,445995.138
522097.66,464297.548
520663.044,461929.067
522344.539,463223.657
520894.573,465441.913
521422.686,453361.033
524156.729,461620.703
523101.954,461379.842
523480.777,448103.044
523897.632,460824.203
540937.287,385023.229
525748.972,442827.993
593859.63,404848.282
550545.834,432256.952
565833.972,426055.547
611776.313,419602.595
538976.792,411577.761
534982.316,417682.193
520954.552,429304.529
536559.559,420143.591
536774.609,415205.456
538009.583,416600.061
538439.795,387605.654
536428.273,416314.239
514289.776,440953.607
532189.226,418107.218
537801.398,390944.05
539256.684,385114.844
539042.483,399298.365
534917.36,420342.574
531380.521,414603.54
535093.482,414807.781
540433.069,416754.491
539604.489,414531.366
535318.964,430973.421
533935.799,422272.229
531552.677,429973.622
532244.193,428308.878
532124.322,427246.984
540507.751,426648.865
534763.454,427442.03
532579.037,423240.261
563688.206,413627.264
539307.9,438010.352
537878.055,440252.463
537248.578,440049.242
535414.624,441061.593
535508.832,416162.46
535577.552,425848.356
531229.103,424855.754
534034.788,425863.957
564949.796,398704.623
537267.682,427543.376
534773.809,425224.864
537274.219,422611.576
540182.301,428265.333
539696.559,423301.235
536550.329,418408.555
533286.45,418686.698
536119.099,417092.556
534320.587,416546.472
537543.74,415801.023
563111.529,394581.056
534840.635,426529.372
516360.886,428631.672
570810.084,429062.643
538089.195,445079.164
540606.522,444415.775
540155.244,441675.791
536940.649,443013.391
627799.504,398982.11
536189.328,442023.717
541891.968,394333.95
566362.121,426713.546
571538.114,436227.224
587109.485,427460.305
533493.558,430887.755
539202.247,421817.07
533807.507,433708.938
513515.108,453388.224
572171.489,435667.789
532578.852,426503.025
533696.15,428292.129
532303.856,425296.363
541504.003,431278.764
536572.309,438133.809
539669.176,442598.456
540295.271,440917.172
541996.548,418629.526
543371.854,419819.185
533657.994,436942.599
535277.028,437367.621
533458.313,435626.033
538646.267,438570.599
558938.895,438290.273
558394.555,440393.634
555639.933,436938.289
556110.809,440217.335
556815.611,439448.165
557993.893,436190.78
555036.872,440819.952
533242.973,436632.46
538805.228,446680.032
539087.698,441771.936
554778.56,427974.591
555993.468,427919
543044.586,421414.494
547454.418,416719.029
547801.959,419058.016
548267.999,395034.317
544700.855,409486.459
541860.407,409124.411
550143.142,416821.211
542360.622,423284.09
542242.993,427824.008
543731.761,423804.128
545700.184,423462.928
540971.149,439842.029
550174.582,432195.679
518260.999,454143.159
517636.167,454202.683
517935.433,455247.838
549987.829,440433.869
544017.881,443119.785
546085.257,442634.001
548794.721,442509.629
549535.086,442719.097
555983.17,411977.693
552004.873,409951.22
551939.453,420496.907
558726.409,421212.799
554777.885,417578.203
550903.803,419658.518
549100.695,440538.637
549076.973,441715.523
549592.746,440726.097
522119.755,444482.816
523743.427,446155.659
557583.548,430589.819
557994.465,428588.223
557778.989,427699.056
559111.619,427578.794
557209.47,438955.059
558384.398,439135.752
558685.969,435021.284
559583.416,439609.179
580694.302,429267.897
545270.14,437820.351
547009.383,423926.64
547132.581,435100.185
556440.125,439398.754
560039.953,439120.712
563398.68,433368.339
560434.43,439938.549
559153.747,436792.143
556218.65,438376.655
555234.086,437933.397
556869.873,440316.547
555907.428,439252.096
552908.401,431271.617
552390.404,432551.34
549925.524,433037.29
547518.408,433217.211
541651.544,434476.94
549602.802,429746.412
547741.429,425814.357
545032.106,428250.802
544202.578,430766.897
551403.281,424863.757
542181.467,429244.629
546053.692,433047.552
560423.048,419526.414
543412.401,438192.15
545114.937,438555.512
558176.552,415795.683
557079.738,429959.19
555226.041,429571.337
555731.365,429065.397
543227.13,441266.858
543175.096,442018.117
559929.901,420244.661
554164.922,418630.419
551983.901,424260.021
550697.314,424144.151
613049.523,419587.85
559158.496,414738.96
558425.054,414433.688
558567.353,430774.175
555137.162,436004.685
555675.428,430687.432
552360.26,430187.578
552674.131,427750.474
552097.478,426495.033
552500.563,425141.196
551574.814,423580.196
553379.073,438442.498
558640.636,437443.587
560460.319,435417.59
557520.861,441127.959
552583.523,441269.294
553665.189,441130.571
560923.932,421032.214
554563.878,436648.424
556132.226,437796.385
552201.269,433028.778
552337.439,437843.205
554422.124,432785.843
552850.882,431610.059
545695.038,436747.591
549912.177,434628.058
543893.995,433898.654
549610.012,427313.244
550596.885,426327.945
542353.296,426450.476
547688.831,442450.833
546817.7,435397.31
543224.349,440349.296
550054.729,439538.049
546739.798,438713.361
548577.416,434807.545
548112.561,435474.298
551227.239,434047.094
549489.21,433597.527
572897.371,433542.494
554622.213,429603.829
553979.924,429107.474
555714.076,428599.333
553016.644,425499.42
549992.191,441386.429
541265.455,442232.626
541884.289,444039.97
542094.575,443374.915
554540.484,419708.512
553050.883,418401.944
551103.744,418895.385
557974.54,439230.506
553732.746,415644.611
551900.493,414905.761
558205.587,411794.189
557630.229,431453.109
554379.855,431102.617
553642.573,426281.215
551399.072,426253.511
555928.24,425220.545
554026.736,437983.687
557324.986,440299.901
524526.072,427464.322
546159.255,436086.017
540520.934,411822.679
556796.234,436553.079
555426.727,431785.236
558899.633,431315.306
560779.597,420289.401
562981.293,418374.799
555653.226,440128.53
554474.14,437523.731
554686.777,435444.773
551127.316,431061.98
556559.98,430891.851
559581.04,432946.665
551134.139,432001.041
554207.759,436185.954
550827.12,437982.245
543501.754,431844.426
544557.741,437389.565
545220.301,431752.601
548850.91,432974.852
543644.608,426158.158
543413.435,429377.508
544898.054,421359.494
546789.943,439985.31
548019.768,436208.242
550597.315,433256.261
549486.698,431478.73
546510.415,434390.633
558653.194,429979.453
556959.333,428954.023
541682.996,440722.563
541200.964,443155.361
556662.141,427332.096
559417.01,417015.957
552413.422,419774.457
552001.648,417269.942
565709.413,435991.824
560246.398,428590.713
554329.594,427524.365
558395.31,435806.64
559721.992,440312.817
542562.764,416659.368
555620.929,427355.026
555098.999,426811.585
560144.67,427474.186
553043.821,439382.455
559418.653,438237.471
557459.06,435067.589
556851.654,435460.702
555626.107,434590.301
558765.737,439856.411
549624.884,414590.387
550065.826,418932.833
553135.455,440617.934
554717.698,439415.23
543729.155,429549.052
553675.637,433233.26
560943.234,436065.036
557420.271,437295.777
553201.199,435277.186
553533.881,436768.847
555296.778,436694.524
517883.723,453720.307
525104.571,428429.548
524567.231,428180.94
558977.107,420527.66
540806.729,444777.023
564719.44,436220.136
564390.191,435271.267
566137.686,436653.309
565333.703,420166.15
565708.572,427278.024
566382.514,428646.058
568166.455,434333.753
520045.203,449022.441
519973.167,449511.12
519950.779,449915.807
518389.129,455317.035
558431.12,430399.008
558925.165,439149.334
559028.535,438960.388
562402.852,422702.003
566342.447,435956.308
564853.835,437063.777
566679.862,430289.796
565393.839,421191.053
573485.293,415946.615
579393.68,403557.19
554264.649,440991.17
555930.926,429694.55
554972.638,429032.696
554926.495,430878.14
554410.709,440659.077
561528.979,421853.097
562981.673,426665.751
562275.996,433534.59
516057.421,427160.47
514591.968,429350.775
514902.966,428487.544
563241.803,393781.258
568030.511,392273.455
564495.201,392983.568
563719.912,392203.514
561761.369,417745.943
562154.468,420367.359
561815.515,428197.073
560686.369,431659.351
563762.938,437008.557
528109.416,420759.519
619327.582,411006.832
543424.002,423367.083
544988.211,420439.132
545557.304,437615.781
548445.536,440567.899
564775.112,431361.351
564594.902,432814.212
565553.368,433042.883
561796.976,437941.935
564371.158,432093.066
528077.519,420996.087
528769.921,420813.974
561111.601,419928.324
561648.503,421048.652
564863.159,438038.127
565195.233,436511.873
565704.968,436603.446
517882.328,471349.139
518875.87,394876.982
519859.692,441431.032
519594.06,443888.367
518334.289,445455.371
551559.543,409250.424
518532.067,465472.247
519086.111,466740.489
519417.167,467283.299
519439.592,470680.764
555434.122,440536.219
516876.036,421070.264
561820.646,426434.249
561982.731,436287.218
562397.82,428495.469
565421.774,437849.404
562367.299,434347.47
565994.902,437986.548
551389.685,412812.989
551876.774,427228.885
552311.885,426963.564
553080.937,410165.362
556469.002,431752.071
556531.079,441048.02
556612.67,430194.245
556260.768,429570.506
556602.761,429410.141
554885.195,440293.047
563108.071,425336.55
561610.011,423250.743
513873.085,428512.167
516350.285,438064.786
515314.76,445906.52
515176.811,459560.129
515213.194,460304.309
556308.96,432789.845
559197.469,434806.662
557947.794,432928.036
546900.959,431553.922
562983.612,436232.289
560968.794,422789.999
562489.493,421572.197
561528.676,429980.044
560824.65,423699.589
513603.747,430258.493
514534.457,428900.287
532243.329,426055.405
564224.325,436275.007
551439.013,404492.795
549937.681,396515.819
549439.705,408575.628
549109.576,434008.692
564668.951,437663.334
562990.021,436871.621
562115.098,437369.28
564668.316,438609.093
564033.817,435053.298
562226.49,439555.19
520479.729,441999.534
520767.142,443804.221
533292.783,415115.603
536607.906,415858.678
534970.396,415575.641
560741.185,434895.961
566411.006,436417.74
567637.856,437499.677
512603.765,445052.127
520389.284,449590.808
520078.84,450154.929
518485.706,450039.594
522056.999,444891.88
520614.578,455110.658
521527.225,464085.94
557074.363,429476.653
561350.517,436892.836
562338.655,427864.483
562529.304,427085.972
562589.221,440455.41
564234.96,439987.558
563747.345,437680.574
565848.894,435676.436
514839.794,459650.969
553584.89,420189.485
552659.511,420765.272
554086.547,430088.502
553820.606,431384.766
552929.75,433711.583
557197.147,437860.175
557649.984,439430.919
563807.308,432374.589
513924.553,432321.546
513806.907,430948.901
517036.139,404978.086
516683.815,405334.462
564763.359,435684.407
565196.242,435740.516
557670.558,438630.785
558575.19,438434.709
562213.601,425222.109
561579.736,422639.419
591016.592,429634.024
513246.341,430658.117
515344.532,422627.356
515188.833,427685.111
540225.201,398196.051
549083.179,433237.364
549248.794,434559.442
549006.482,441033.948
563380.47,435601.286
565558.297,431407.323
519626.979,449502.551
526597.942,427114.66
565726.415,436172.149
523734.42,446370.495
523819.756,446682
538774.49,437239.769
564112.306,430913.517
563080.96,430328.494
563515.664,438146.065
513197.471,429371.909
515707.774,427539.582
515786.429,428886.428
516719.296,453198.125
517479.997,447922.846
517729.852,448934.968
518155.421,455217.773
518677.073,472776.308
519650.573,449912.051
519622.198,448990.475
520241.718,448651.961
524320.448,446370.321
525287.095,427489.556
556691.658,438918.721
541600.947,441203.477
563419.55,430748.082
564197.039,433904.226
561785.083,434957.482
563188.802,431712.915
553584.991,436089.291
552901.726,434343.788
553844.721,437106.819
553704.97,440231.731
556910.2,438382.897
557671.823,439679.196
564856.864,430488.055
556902.014,438750.154
561584.904,438466.994
563748.959,433539.5
515258.534,427048.876
515960.585,427699.163
516462.263,429498.52
518290.83,444359.102
517112.04,447581.892
517514.777,449171.936
557633.11,434908.571
562610.877,416950.936
562127.413,417289.233
560959.16,428751.331
563337.668,426875.382
562283.9,423877.02
515523.039,427429.607
541542.881,441729.872
540817.52,442774.347
568200.7,385276.831
563323.479,385829.9
561570.933,378215.076
569539.349,412421.624
565150.191,439281.807
566704.476,437594.092
564431.4,431722.629
562612.568,431355.472
567127.35,436218.031
563337.57,432854.199
567523.987,436656.987
563935.339,420287.121
564354.526,419957.828
567581.915,411443.763
564706.859,411597.86
518546.55,447018.302
564309.521,417243.583
566856.386,416407.565
567583.39,420372.567
551210.487,433032.469
581302.644,408508.664
565330.931,426704.586
564854.619,418444.128
564246.572,427160.177
564838.589,428084.986
564184.939,429115.748
564953.675,425569.077
565810.088,429355.248
567644.03,424807.542
569247.744,435498.007
569269.718,422664.28
571841.928,415262.145
582097.037,414131.402
579990.921,415640.82
584553.306,412192.869
558854.84,426530.663
556142.262,426698.791
539598.945,423848.062
549421.781,412287.657
558747.245,439527.836
559165.813,439428.665
558449.14,439601.004
556081.029,429905.009
538290.07,440578.319
564983.929,434162.117
537771.794,433206.408
571472.837,435041.574
572122.671,423657.662
564228.303,425602.849
571623.589,434636.393
551983.667,412435.928
550922.38,410515.105
627985.939,420157.697
603261.467,396828.693
586847.454,428312.355
648732.615,398008.998
553817.98,367896.296
555185.584,386988.465
521901.816,444015.402
560572.738,368474.781
564067.515,375172.209
565863.069,375572.388
564401.187,420764.57
566066.115,410112.616
564835.059,418292.882
568246.641,424809.959
564587.41,421773.698
565053.749,425044.357
576512.466,424233.533
541073.108,427640.431
586135.654,390312.093
561581.939,401427.097
556829.747,395966.558
559376.041,394509.194
556238.622,396440.169
563884.237,407836.986
562110.731,413599.744
566371.395,418274.41
568108.065,420414.273
565570.74,418411.674
567307.736,419291.839
566619.387,425463.79
565755.227,420999.666
564211.006,438320.625
567011.171,429758.135
565385.793,426025.639
564131.21,428102.007
568301.263,430879.423
569079.79,427169.215
558204.24,438021.44
567902.387,429316.517
568372.595,423397.751
514897.432,432324.843
563049.164,398836.287
566554.479,386043.975
568380.01,399985.501
603646.379,416513.578
537095.451,408653.456
536111.439,433901.221
539317.906,400254.368
530657.921,423516.768
539134.184,419596.405
552719.48,409176.897
556579.344,380033.904
554345.185,382850.784
546701.711,381057.455
544260.562,423920.896
567053.016,436900.487
516998.041,468907.39
541613.363,422474.355
562888.863,392730.996
563980.463,392517.973
557731.646,397993.425
559189.705,404897.324
639705.38,400334.73
572248.259,409546.069
545609.684,385428.068
556124.053,383582.483
568288.809,417629.835
567392.397,363255.059
564155.266,369703.77
563601.891,421671.567
567379.569,431210.056
583438.783,424039.583
585349.073,422017.356
568448.51,394182.27
564707.446,394559.829
565414.228,393281.647
559261.604,402526.49
566199.058,405034.813
569676.958,408113.981
565519.241,416752.889
565011.37,422340.12
569944.688,422548.261
570521.805,415373.965
560955.122,406751.206
567458.21,423944.99
565845.447,425279.651
566160.821,427229.433
565341.558,428688.165
547376.934,434856.547
570249.303,423757.239
547741.317,424018.837
567539.236,427476.726
568145.452,422307.888
557459.797,438091.261
617436.86,416229.902
613651.934,408644.699
611508.236,422361.174
526200.836,408203.389
538337.028,414218.179
558708.883,439274.138
508705.363,451718.087
601856.659,424168.381
546833.107,424054.086
565580.809,370553.683
532555.658,432072.764
515645.091,459230.092
578770.221,388523.791
577025.351,410897.444
565919.243,395542.414
560808.465,402348.169
570115.964,403576.58
557880.632,400543.018
577327.424,414510.946
646693.301,396485.501
558041.431,391725.427
564027.247,417074.299
622942.633,416982.974
566718.901,361817.218
621446.746,413801.404
629947.538,412400.81
564432.616,377411.516
558933.968,385253.254
562116.444,382100.035
565622.757,421933.416
565950.236,420541.99
566213.675,416003.922
559189.399,408355.349
562830.839,411195.756
566816.94,420173.794
568215.454,419653.68
565938.969,419455.547
572477.539,403859.708
561970.804,410268
567058.941,413882.155
560801.648,437994.645
564330.212,434333.397
565335.113,435188.202
568988.949,427559.609
564388.042,426289.916
568938.664,430964.461
567363.745,428696.396
568714.468,424997.721
568757.593,426255.975
567882.439,431939.454
569292.689,424351.989
637266.259,387490.382
638169.49,395293.76
642822.104,406261.424
630907.396,394788.854
564697.932,379296.421
564747.588,405936.712
516950.764,453111.644
563877.957,434714.859
563252.461,434447.717
549452.892,411267.749
561833.771,419190.956
562999.38,419362.96
563556.742,419208.501
568571.2,423909.279
517863.61,448467.747
627479.554,399929.877
564766.771,400015.831
566684.086,398087.645
563896.297,394040.138
612731.168,418636.9
577295.15,387369.228
565471.185,366406.912
595168.225,424097.661
594874.049,411859.15
525856.214,422845.969
559397.929,371568.73
564417.297,362921.321
565032.044,429191.34
543015.633,428208.713
628468.717,405380.029
625879.973,398589.506
616795.678,409616.969
618891.544,408664.795
567029.671,428741.357
651345.19,398849.562
651665.843,399868.447
568742.83,422031.311
583782.203,429347.753
585363.738,424917.747
592377.418,426558.624
602965.817,375570.514
603434.982,403773.322
517845.017,454662.226
566637.38,415374.586
540791.349,422070.071
567659.321,389114.039
565752.747,362618.595
563754.646,423264.519
564536.099,423139.624
564321.986,424190.653
574969.609,434343.551
571575.62,427464.529
571421.432,428418.037
606855.885,400235.642
601886.232,404569.822
612878.552,417842.831
564228.909,393483.561
557907.292,393121.638
548620.122,433277.285
519970.1,469325.619
577862.829,427371.813
578478.788,426523.351
575332.742,426489.667
587027.401,422577.076
591610.506,426989.298
566498.032,393223.616
566177.118,392369.396
627344.475,413789.597
569143.631,435046.429
565025.144,426460.97
602434.658,403885.304
586750.554,418833.004
573795.945,426859.385
591758.568,422644.799
587400.132,418103.425
593251.117,418041.871
595666.543,420564.355
652213.422,399560.396
612267.561,419002.567
566849.612,421025.357
569455.336,436007.925
575100.377,386457.768
646554.884,393387.024
625526.869,416239.126
617856.496,421547.009
623672.924,422406.972
619721.251,424389.597
651393.286,400622.902
648740.822,393548.905
654388.162,399224.385
568233.331,424499.522
571833.022,425520.117
569675.48,431461.864
571318.622,426417.174
513257.959,436091.045
581188.616,426253.899
581945.058,423048.257
614363.21,414563.774
532766.295,429583.015
515821.864,404674.34
563272.824,428902.721
567251.871,432419.134
563576.276,428482.526
567287.543,423136.619
568613.374,433737.226
534321.448,436541.079
573699.061,425629.799
588553.038,430722.197
611256.498,419081.718
610684.318,424808.252
604044.969,426363.417
584681.335,408390.977
572716.277,419300.797
584172.06,417924.972
585826.944,417943.407
585054.582,420697.945
572492.625,427092.017
519954.425,468712.807
586662.745,430245.926
525399.52,394814.875
569062.53,432964.171
573744.583,423741.42
629747.946,417618.775
605128.552,418363.031
584291.549,383672.526
563133.345,413970.499
572436.291,428271.753
572493.791,434176.057
587896.906,371957.422
598520.597,382388.104
585227.031,416992.542
595516.155,414564.487
525177.09,395659.882
587977.77,427935.565
649966.81,400214.295
586913.129,383546.668
575210.031,390205.9
576290.389,388633.312
584792.118,404564.028
573057.717,398254.937
640791.318,387386.676
636312.871,382812.442
645364.2,399825.903
638943.85,393533.085
563556.777,393016.865
564193.338,422054.949
563436.711,423629.102
565466.173,427048.045
571090.759,426709.977
568694.617,428962.445
564269.3,412221.503
569222.244,433325.49
563463.171,422700.294
584105.887,426035.546
583256.671,427795.41
566804.98,434302.872
550741.562,440540.073
522166.594,442852.363
632773.713,420058.644
631558.909,414680.536
635057.633,417434.295
567497.433,435019.875
567883.479,432920.511
574541.868,431248.186
576989.988,427125.491
580167.83,423998.964
570038.419,430599.005
615865.918,425084.46
602660.512,426187.4
577227.214,425147.912
581724.89,428862.688
593143.39,388616.841
575936.522,426647.564
580958.204,427382.86
590081.826,427420.91
587869.475,430632.867
649403.801,400940.315
573566.157,433578.916
587020.07,429141.822
515510.677,463581.288
600230.187,379278.515
596800.448,384482.318
598447.443,383327.311
593362.158,392705.169
601656.596,406298.303
587884.66,405034.129
638851.02,406540.475
597802.613,417296.417
587797.866,410278.498
566122.798,418303.684
601184.186,412819.872
600874.337,417865.433
575490.49,397785.144
579381.138,399610.664
642976.526,411550.303
634483.821,413166.261
647200.126,390862.937
565772.302,426160.509
567669.35,419742.932
567922.995,425274.563
570238.572,424526.447
517005.199,451162.497
568475.863,435849.527
584989.143,427120.908
527852.065,429430.842
519757.528,451115.343
570952.887,435465.233
561338.592,436679.221
567225.031,425215.819
563951.874,422654.164
565256.664,422625.85
564754.021,421472.114
567887.998,426000.504
566763.994,421831.261
565456.373,427812.107
564585.63,421658.794
581651.409,425410.501
589192.511,429649.773
587828.482,423860.47
579705.62,431691.617
556380.696,367572.882
559984.645,366105.174
572935.85,430228.725
514632.297,443594.512
581968.137,430965.876
581615.919,429820.419
572714.655,421667.84
578888.482,420657.326
564644.714,423755.384
576760.572,426413.432
575072.21,430771.245
576008.856,430286.588
592547.447,428750.726
608509.64,419986.889
603395.753,421213.609
553552.994,411840.16
519602.087,416171.56
518758.158,413994.58
600487.858,404080.528
595538.204,409387.284
594272.764,415645.638
650818.156,398332.229
598711.018,425359.827
589987.204,423617.606
573330.907,391765.141
582103.122,413053.826
606337.141,423985.466
580011.141,385968.764
576211.932,379413.417
586431.423,388883.474
579244.955,390761.485
552741.236,408869.216
519543.353,466016.669
562559.394,423682.767
594682.178,413374.335
546678.492,441771.885
549439.659,437649.54
652258.591,398586.979
653181.624,399998.55
650908.74,396185.069
565317.558,436054.555
651422.877,397973.607
603157.987,375388.532
568050.474,435326.153
572407.543,435062.601
512365.792,440506.855
516199.154,448767.907
527964.947,423055.895
571992.771,433946.33
571179.106,399143.946
602318.496,402833.194
568155.19,433292.562
569205.926,420728.962
514012.226,450023.396
540751.02,426612.41
515658.896,454109.795
514667.505,444527.295
514761.652,426250.952
566849.43,437358.437
538290.095,441208.921
561602.758,408307.533
514763.53,441411.179
524058.987,459537.322
513968.576,453257.722
523200.4,460788.217
518548.656,452561.689
524264.928,452345.698
515332.363,459077.756
561688.416,424113.067
558858.62,425776.329
518873.641,468376.319
604496.185,415178.159
551459.804,440830.013
564675.726,426001.492
552417.493,433576.597
540279.796,399362.15
537895.543,401696.122
534676.565,413647.471
531001.173,419199.713
545826.253,426726.843
561214.629,368719.759
515380.627,408719.035
557391.343,417990.262
570161.518,432731.415
539947.416,435377.711
586861.69,428143.243
564068.086,415526.726
574374.761,428253.696
572142.853,429203.02
560167.374,426786.478
561280.529,426715.531
576824.705,432743.501
535866.949,435797.892
519323.82,441698.701
519416.071,472084.322
567510.9,421505.812
572028.104,431738.99
581266.51,431174.548
562463.773,418454.145
628866.414,400283.415
524266.536,457581.443
588691.942,425805.744
583461.139,420931.35
529365.104,411856.2
564360.622,421817.838
517736.898,428968.974
517671.256,429482.446
540678.109,423718.625
582612.453,417691.409
560941.7,427490.75
560833.088,426195.706
516079.248,428260.457
562491.915,429583.106
587048.506,371326.97
555064.968,405272.689
534063.637,425241.123
572424.85,424477.814
652654.254,396529.407
579410.112,430368.057
517277.729,461472.865
570164.731,436106.441
580497.726,430051.979
521931.492,461369.227
518768.002,466203.328
635154.431,393811.326
634210.279,395838.435
577360.805,426116.093
566908.094,429313.303
566416.465,432339.508
562750.58,426207.166
572292.882,431919.715
551497.447,412433.171
563479.64,439075.693
579962.204,431796.717
536535.491,411291.279
537277.935,412396.366
580568.712,430770.382
562547.765,432990.917
589618.719,414234.61
569423.154,434312.948
569303.955,436864.151
554109.356,423004.563
564313.129,424813.251
565960.743,423700.827
517376.737,428034.972
508703.18,446279.201
570858.734,422578.252
542500.095,441328.384
562143.428,390374.757
570364.763,418507.088
579011.843,427109.715
565425.515,412575.657
566827.555,431161.745
570073.548,434584.326
549492.857,406982.444
585377.002,418921.326
572070.32,433039.202
564881.294,415608.911
517636.979,405656.114
645681.195,402177
568480.947,426982.713
559016.259,389956.23
562146.34,426590.468
582600.042,384503.918
559257.127,424447.657
514519.616,428202.799
563715.675,424875.733
518331.522,475869.721
576792.147,423295.926
552355.146,431853.246
569141.308,420557.057
560472.371,423242.678
550677.476,421322.487
564789.972,393357.214
572048.509,427570.252
563323.264,371709.887
561768.971,425953.105
571267.333,433904.269
564772.604,429721.669
575090.72,425126.802
561524.522,425358.6
525234.755,456484.463
538479.954,392845.866
519491.741,457625.227
556474.773,439018.592
566157.684,430235.583
566548.016,431714.499
540268.984,443293.17
560302.416,424739.919
515726.143,450314.481
564387.677,424724.104
564402.377,424989.384
570242.55,427845.673
632262.904,395096.95
634140.656,392711.129
586747.943,379543.681
558948.186,425929.798
561363.41,424693.701
655058.722,396755.141
555975.574,438910.923
619833.189,421750.064
573622.283,393978.809
569927.42,433851.043
566750.776,427628.03
552744.356,437581.986
560669.83,396582.544
551487.844,431993.266
549346.23,435167.793
544940.43,440312.264
569866.488,426654.983
552149.2,416847.818
519459.416,456453.533
563802.583,427236.172
539808.552,424173.461
628922.605,399920.906
611824.615,423887.421
589765.225,429494.976
523129.958,428846.315
548102.615,434480.843
545937.538,425051.784
512192.536,405971.361
600205.535,405193.775
577213.4,425494.036
569718.913,429825.643
555516.501,435427.331
569890.686,428884.531
562242.397,410566.287
571960.521,426314.028
559947.03,426276.709
575148.394,427568.536
528155.769,419469.869
569786.009,426029.438
564143.67,426404.2
522619.068,459137.692
561887.729,427792.508
561214.422,425794.513
540750.982,442031.514
615991.561,423297.72
547247.925,424268.36
550424.893,411581.89
554654.218,413633.575
569291.364,434025.439
589045.874,420714.856
557358.655,438351.432
